customer_id,customer_name,gender,age,city
1371041562832,Sina,female,43,Sharurah
1371041562864,Abigail,female,49,Rafha
1371041562896,Joseph,male,66,As Sulayyil
1371041562928,Francisco,male,45,Ad-Dilam
1371041562960,Thomas,male,46,Khamis Mushait
1371041562992,Gilberto,male,31,Ad-Dilam
1371041563024,Heather,female,49,Ar Rass
1371041563056,Noah,male,65,Buraydah
1371041563088,Thérèse,female,67,Al-'Ula
1371041563120,Eugenia,female,69,Sarat Abidah
1371041563152,Tereza,female,39,As Sulayyil
1371041563184,Miriam,female,64,Ras Tanura
1371041563216,Craig,male,48,Farasan
1371041563248,Amelia,female,51,Ras Tanura
1371041563280,Eldirene,female,57,Uyun AlJiwa
1371041563312,Farina,female,22,Al Wajh
1371041563344,Susanna,female,28,Rafha
1371041563376,Brielle,female,29,Tabuk
1371041563408,Huibert,male,34,Al Bahah
1371041563440,Wolfgang,male,72,As Sulayyil
1371041563472,Ken,male,39,Khaybar
1371041563504,Sarthak,male,25,Al Bukayriyah
1371041563536,Nora,female,26,Al Bukayriyah
1371041563568,Arturo,male,50,Uyun AlJiwa
1371041563600,Natividad,female,36,Baljurashi
1371041563632,Gabriel,male,24,Sarat Abidah
1371041563664,Santiago,male,56,Al Bahah
1371041563696,Pihla,female,66,Al Qunfudhah
1371041563728,Anthony,male,23,Khamis Mushait
1371041563760,Daniel,male,39,Hafr Al-Batin
1371041563792,Ryder,male,45,Sharurah
1371041563824,Dania,female,24,Mecca
1371041563856,Ella,female,51,Rabigh
1371041563888,Enver,male,51,As Sulayyil
1371041563920,Alan,male,37,Al-'Ula
1371041563952,Alexandra,female,47,Duba
1371041563984,Isobel,female,38,Rabigh
1371041564016,Katrin,female,41,Al-'Ula
1371041564048,Alfredo,male,36,Hotat Bani Tamim
1371041564080,Elsa,female,45,Al-Mubarraz
1371041564112,Rayina,female,23,Hafr Al-Batin
1371041564144,Elli,female,65,Al Bahah
1371041564176,Astrid,female,66,Rabigh
1371041564208,Judith,female,46,Ar Rass
1371041564240,Owen,male,51,Al Majma'ah
1371041564272,Ethan,male,63,Taif
1371041564304,Kupava,female,65,Jubail
1371041564336,Emilia,female,21,Al-Mubarraz
1371041564368,Jurriaan,male,67,Ar Rass
1371041564400,Ethan,male,32,Al Qunfudhah
1371041564432,Begüm,female,34,Tayma
1371041564464,Milja,female,46,Dhahran
1371041564496,Erik,male,76,Al-Mubarraz
1371041564528,Fiona,female,69,Al Qunfudhah
1371041564560,Natalya,female,70,Jizan
1371041564592,Yuridia,female,52,Al Wajh
1371041564624,Advaith,male,48,Dammam
1371041564656,Jacobine,female,50,Abha
1371041564688,Osman,male,77,Dhahran
1371041564720,Viljami,male,36,Unaizah
1371041564752,Alexa,female,37,Jizan
1371041564784,Emmeline,female,49,Tabuk
1371041564816,Madhav,male,69,Tabuk
1371041564848,Dilce,female,46,Al-Mubarraz
1371041564880,Raffael,male,61,Abha
1371041564912,Akash,male,67,Ar Rass
1371041564944,Naslav,male,30,Al Lith
1371041564976,Lumi,female,76,Rabigh
1371041565008,Kseniya,female,45,Turaif
1371041565040,James,male,67,Duba
1371041565072,Agustín,male,74,Medina
1371041565104,Zoé,female,31,Al-'Ula
1371041565136,Freya,female,37,Ha'il
1371041565168,Kate,female,49,Taif
1371041565200,Drago,male,76,Dammam
1371041565232,Dragica,female,69,Duba
1371041565264,Clinton,male,27,Ras Tanura
1371041565296,Aiden,male,45,Jizan
1371041565328,Domenique,male,65,Turaif
1371041565360,Lewis,male,56,Uyun AlJiwa
1371041565392,Max,male,53,Badr
1371041565424,Anton,male,58,Khobar
1371041565456,Carlos,male,44,Al-Mubarraz
1371041565488,Alberto,male,57,Umluj
1371041565520,آوینا,female,61,Duba
1371041565552,Oscar,male,34,Riyadh
1371041565584,Donald,male,29,Umluj
1371041565616,Viljami,male,43,Dhahran
1371041565648,Babür,male,35,Jeddah
1371041565680,Vishishta,female,57,Al-Mubarraz
1371041565712,Afşar,female,42,Al Qunfudhah
1371041565744,Isidor,male,36,Ha'il
1371041565776,Lillian,female,52,Al Lith
1371041565808,Cédric,male,25,Wadi Addawasir
1371041565840,Sabine,female,58,Jizan
1371041565872,Neriman,female,70,Farasan
1371041565904,Julia,female,52,Abha
1371041565936,Babür,male,68,Tayma
1371041565968,Igor,male,39,Sharurah
1371041566000,Derek,male,33,Al Bukayriyah
